city,years,months,exposure,interactive,outcome,quantile,lag_or_ma,lag,iqr,rr,cil,ciu,B,se
Fukuoka,1989-2014,2-4,SPMout,suhiout,All,0,lag,1,18.745,1.0001921780066638,0.999551251792439,1.0008335151917234,0.00019215954283632967,0.00032705114637960746
Fukuoka,1989-2014,2-4,SPMout,suhiout,All,1,lag,1,18.745,0.9996364534530905,0.9987367485341493,1.0005369688648291,-0.0003636126459759183,0.0004594152758494448
Fukuoka,1989-2014,2-4,SPMout,suhiout,All,2,lag,1,18.745,1.00054527206928,0.9996499117155916,1.001441434373885,0.000545123462483552,0.00045678035370213795
Fukuoka,1989-2014,2-4,SPMout,suhiout,All,3,lag,1,18.745,1.0008089834356617,0.9997985499984298,1.0018204380543418,0.0008086563849360303,0.0005153802254791606
Fukuoka,1989-2014,2-4,SPMout,suhiout,All,4,lag,1,18.745,1.0008928247583853,0.999827917736363,1.0019588660025527,0.0008924264274362948,0.0005431342143639516
