city,years,months,exposure,interactive,outcome,quantile,lag,rr,cil,ciu,B,se
Fukuoka,1989-2014,2-4,SPMout,suhiout,All,0,1,1.000192178006664,0.999551251792439,1.0008335151917234,0.000192159542836337,0.00032705114637960914
Fukuoka,1989-2014,2-4,SPMout,suhiout,All,1,1,0.9996364534530906,0.9987367485341493,1.0005369688648291,-0.00036361264597587953,0.00045941527584944866
Fukuoka,1989-2014,2-4,SPMout,suhiout,All,2,1,1.00054527206928,0.9996499117155916,1.001441434373885,0.0005451234624835241,0.000456780353702142
Fukuoka,1989-2014,2-4,SPMout,suhiout,All,3,1,1.0008089834356617,0.9997985499984298,1.0018204380543418,0.0008086563849359763,0.0005153802254791662
Fukuoka,1989-2014,2-4,SPMout,suhiout,All,4,1,1.0008928247583853,0.9998279177363629,1.0019588660025527,0.0008924264274362499,0.0005431342143639562
